"name","version","params","dependencies","date","file.exists","col.names","callstack","csv"
"five",0,"{""media"":37,""area"":25,""television"":70}","{""two"":1}","2016-08-02 10:34:47",NA,"[""knowledge"",""safety"",""player"",""analysis"",""information"",""ability""]","[""Example1()"","".SaveExampleData(\""five\"", data5.v1.dependencies)""]",1
"two",0,"{""policy"":94,""exam"":40,""physics"":29}","[]","2016-08-02 10:34:41",0,"[""area"",""control"",""meat"",""economics"",""organization"",""software"",""method""]","[""Example1()"","".SaveExampleData(\""two\"")""]",1
"four",0,"{""activity"":50,""control"":53,""ability"":33}","{""three"":1,""two"":1}","2016-08-02 10:34:40",0,"[""system"",""idea"",""law"",""temperature"",""oven"",""software"",""fact"",""industry""]","[""Example1()"","".SaveExampleData(\""four\"", data4.v1.dependencies)""]",1
"three",0,"{""map"":47,""definition"":98,""investment"":88}","{""one"":1,""two"":1}","2016-08-02 10:34:39",0,"[""government"",""meat"",""story"",""industry""]","[""Example1()"","".SaveExampleData(\""three\"", data3.v1.dependencies)""]",1
"three",0,"{""equipment"":17,""library"":16,""history"":94}","{""one"":1,""two"":1}","2016-08-02 10:34:39",0,"[""analysis"",""definition"",""government"",""language"",""music"",""reading""]","[""Example1()"","".SaveExampleData(\""three\"", data3.v1.dependencies)""]",1
"two",0,"{""industry"":23,""system"":53,""health"":15}","[]","2016-08-02 10:34:37",0,"[""thing"",""map"",""method"",""love"",""language"",""thanks"",""variety"",""series""]","[""Example1()"","".SaveExampleData(\""two\"")""]",1
"one",0,"{""quality"":99,""way"":13,""area"":29}","[]","2016-08-02 10:34:33",0,"[""art"",""investment"",""power"",""person"",""analysis"",""industry"",""map""]","[""Example1()"","".SaveExampleData(\""one\"")""]",1
"two",0,"{""community"":28,""love"":72,""quality"":80}","[]","2016-08-02 10:11:12",0,"[""love"",""series"",""definition"",""week"",""thanks"",""understanding"",""variety""]","[""Example1()"","".SaveExampleData(\""two\"")""]",1
"three",0,"{""system"":31,""government"":90,""security"":89}","{""one"":1,""two"":1}","2016-08-02 10:11:12",0,"[""food"",""two"",""system"",""data""]","[""Example1()"","".SaveExampleData(\""three\"", data3.v1.dependencies)""]",1
"three",0,"{""health"":80,""world"":48,""people"":97}","{""one"":1,""two"":1}","2016-08-02 10:11:12",0,"[""science"",""idea"",""knowledge"",""investment""]","[""Example1()"","".SaveExampleData(\""three\"", data3.v1.dependencies)""]",1
"four",0,"{""people"":37,""product"":59,""idea"":88}","{""three"":1,""two"":1}","2016-08-02 10:11:12",0,"[""analysis"",""two"",""variety"",""fact""]","[""Example1()"","".SaveExampleData(\""four\"", data4.v1.dependencies)""]",1
"two",0,"{""equipment"":19,""law"":38,""computer"":73}","[]","2016-08-02 10:11:12",0,"[""music"",""food"",""reading"",""development"",""series"",""community"",""software""]","[""Example1()"","".SaveExampleData(\""two\"")""]",1
"five",0,"{""investment"":49,""software"":3,""law"":14}","{""two"":1}","2016-08-02 10:11:12",0,"[""knowledge"",""area"",""control"",""power"",""ability"",""people""]","[""Example1()"","".SaveExampleData(\""five\"", data5.v1.dependencies)""]",1
"one",0,"{""year"":73,""television"":67,""safety"":37}","[]","2016-08-02 10:10:56",0,"[""law"",""exam"",""map"",""video"",""bird"",""world"",""reading""]","[""Example1()"","".SaveExampleData(\""one\"")""]",1
"one",0,"{""industry"":34,""movie"":2,""literature"":85}","[]","2016-08-01 17:27:50",0,"[""art"",""theory"",""media"",""equipment"",""exam"",""physics""]","[""Example1()"","".SaveExampleData(\""one\"")""]",1
